number,value,datetime_start,datetime_complete,duration,params_criterion,params_max_depth,params_min_samples_leaf,system_attrs_fixed_params,state
0,0.5802575810264269,2026-09-20 00:15:13.372124,2026-09-20 00:15:13.887760,0 days 00:00:00.515636,gini,3.0,5,,COMPLETE
1,0.6011788355902278,2026-09-20 00:15:13.887760,2026-09-20 00:15:14.306738,0 days 00:00:00.418978,entropy,6.0,1,,COMPLETE
2,0.567864813592592,2026-09-20 00:15:14.306738,2026-09-20 00:15:14.746236,0 days 00:00:00.439498,gini,12.0,1,,COMPLETE
3,0.5661608376691171,2026-09-20 00:15:14.746236,2026-09-20 00:15:15.157000,0 days 00:00:00.410764,gini,12.0,5,,COMPLETE
4,0.6043267380503746,2026-09-20 00:15:15.157000,2026-09-20 00:15:15.579048,0 days 00:00:00.422048,gini,6.0,5,,COMPLETE
5,0.5802575810264269,2026-09-20 00:15:15.579048,2026-09-20 00:15:15.970429,0 days 00:00:00.391381,gini,3.0,20,,COMPLETE
6,0.5847766447766448,2026-09-20 00:15:15.970429,2026-09-20 00:15:16.389180,0 days 00:00:00.418751,entropy,,20,,COMPLETE
7,,2026-09-20 00:15:16.389180,2026-09-20 00:15:16.389180,0 days 00:00:00,gini,12.0,5,,PRUNED
8,0.6015905163952411,2026-09-20 00:15:16.389180,2026-09-20 00:15:16.801508,0 days 00:00:00.412328,entropy,6.0,5,,COMPLETE
9,,2026-09-20 00:15:16.801508,2026-09-20 00:15:16.801508,0 days 00:00:00,gini,6.0,5,,PRUNED
10,0.5231582111122836,2026-09-20 00:15:16.801508,2026-09-20 00:15:17.255696,0 days 00:00:00.454188,entropy,,1,,COMPLETE
11,,2026-09-20 00:15:17.255696,2026-09-20 00:15:17.255696,0 days 00:00:00,entropy,6.0,5,,PRUNED
12,,2026-09-20 00:15:17.255696,2026-09-20 00:15:17.255696,0 days 00:00:00,entropy,6.0,5,,PRUNED
13,,2026-09-20 00:15:17.255696,2026-09-20 00:15:17.271636,0 days 00:00:00.015940,entropy,6.0,5,,PRUNED
14,,2026-09-20 00:15:17.271636,2026-09-20 00:15:17.274916,0 days 00:00:00.003280,gini,6.0,5,,PRUNED
15,0.603122439921873,2026-09-20 00:15:17.274916,2026-09-20 00:15:17.693596,0 days 00:00:00.418680,entropy,6.0,20,,COMPLETE
16,,2026-09-20 00:15:17.693596,2026-09-20 00:15:17.693596,0 days 00:00:00,entropy,6.0,20,,PRUNED
17,0.5884997803601784,2026-09-20 00:15:17.693596,2026-09-20 00:15:18.101274,0 days 00:00:00.407678,gini,,20,,COMPLETE
18,,2026-09-20 00:15:18.101274,2026-09-20 00:15:18.101274,0 days 00:00:00,gini,3.0,20,,PRUNED
19,,2026-09-20 00:15:18.101274,2026-09-20 00:15:18.116165,0 days 00:00:00.014891,entropy,6.0,20,,PRUNED
20,0.6159124312420887,2026-09-20 00:15:18.116165,2026-09-20 00:15:18.521466,0 days 00:00:00.405301,gini,6.0,20,,COMPLETE
21,,2026-09-20 00:15:18.521466,2026-09-20 00:15:18.521466,0 days 00:00:00,gini,6.0,20,,PRUNED
22,,2026-09-20 00:15:18.521466,2026-09-20 00:15:18.521466,0 days 00:00:00,gini,6.0,20,,PRUNED
23,,2026-09-20 00:15:18.521466,2026-09-20 00:15:18.545526,0 days 00:00:00.024060,gini,6.0,20,,PRUNED
24,,2026-09-20 00:15:18.545526,2026-09-20 00:15:18.551381,0 days 00:00:00.005855,gini,6.0,20,,PRUNED
25,0.6064482128316669,2026-09-20 00:15:18.551381,2026-09-20 00:15:18.975004,0 days 00:00:00.423623,gini,6.0,1,,COMPLETE
26,,2026-09-20 00:15:18.975004,2026-09-20 00:15:18.977013,0 days 00:00:00.002009,gini,12.0,1,,PRUNED
27,0.5802575810264269,2026-09-20 00:15:18.977013,2026-09-20 00:15:19.372285,0 days 00:00:00.395272,gini,3.0,1,,COMPLETE
28,0.5246652735106216,2026-09-20 00:15:19.372285,2026-09-20 00:15:19.794361,0 days 00:00:00.422076,gini,,1,,COMPLETE
29,,2026-09-20 00:15:19.794361,2026-09-20 00:15:19.794361,0 days 00:00:00,gini,3.0,1,,PRUNED
30,,2026-09-20 00:15:19.794361,2026-09-20 00:15:19.794361,0 days 00:00:00,gini,6.0,1,,PRUNED
31,,2026-09-20 00:15:19.794361,2026-09-20 00:15:19.794361,0 days 00:00:00,gini,6.0,20,,PRUNED
32,,2026-09-20 00:15:19.794361,2026-09-20 00:15:19.810419,0 days 00:00:00.016058,entropy,6.0,20,,PRUNED
33,,2026-09-20 00:15:19.810419,2026-09-20 00:15:19.810419,0 days 00:00:00,gini,6.0,1,,PRUNED
34,,2026-09-20 00:15:19.810419,2026-09-20 00:15:19.810419,0 days 00:00:00,entropy,6.0,5,,PRUNED
35,,2026-09-20 00:15:19.810419,2026-09-20 00:15:19.810419,0 days 00:00:00,gini,12.0,1,,PRUNED
36,,2026-09-20 00:15:19.810419,2026-09-20 00:15:19.826072,0 days 00:00:00.015653,gini,6.0,20,,PRUNED
37,0.5358696763958956,2026-09-20 00:15:19.826072,2026-09-20 00:15:20.248008,0 days 00:00:00.421936,gini,,5,"{'criterion': 'gini', 'max_depth': None, 'min_samples_leaf': 5}",COMPLETE
38,0.5859541288208702,2026-09-20 00:15:20.248008,2026-09-20 00:15:20.686210,0 days 00:00:00.438202,entropy,12.0,20,,COMPLETE
39,,2026-09-20 00:15:20.686210,2026-09-20 00:15:20.702184,0 days 00:00:00.015974,gini,6.0,1,,PRUNED
40,0.5736555244979461,2026-09-20 00:15:20.702184,2026-09-20 00:15:21.123154,0 days 00:00:00.420970,entropy,3.0,5,,COMPLETE
41,,2026-09-20 00:15:21.123154,2026-09-20 00:15:21.133027,0 days 00:00:00.009873,entropy,6.0,5,,PRUNED
42,,2026-09-20 00:15:21.133027,2026-09-20 00:15:21.135184,0 days 00:00:00.002157,entropy,6.0,5,,PRUNED
43,,2026-09-20 00:15:21.135184,2026-09-20 00:15:21.137191,0 days 00:00:00.002007,entropy,6.0,5,,PRUNED
44,,2026-09-20 00:15:21.138189,2026-09-20 00:15:21.140240,0 days 00:00:00.002051,entropy,6.0,5,,PRUNED
45,,2026-09-20 00:15:21.140240,2026-09-20 00:15:21.143240,0 days 00:00:00.003000,entropy,6.0,5,,PRUNED
46,,2026-09-20 00:15:21.143240,2026-09-20 00:15:21.146242,0 days 00:00:00.003002,entropy,6.0,5,,PRUNED
47,,2026-09-20 00:15:21.146242,2026-09-20 00:15:21.150240,0 days 00:00:00.003998,gini,6.0,20,,PRUNED
48,0.5455727302846558,2026-09-20 00:15:21.150240,2026-09-20 00:15:21.578458,0 days 00:00:00.428218,entropy,,5,,COMPLETE
49,,2026-09-20 00:15:21.578458,2026-09-20 00:15:21.578458,0 days 00:00:00,gini,6.0,20,,PRUNED
50,0.571837189553681,2026-09-20 00:15:21.578458,2026-09-20 00:15:22.018187,0 days 00:00:00.439729,entropy,12.0,1,,COMPLETE
51,,2026-09-20 00:15:22.018187,2026-09-20 00:15:22.018187,0 days 00:00:00,entropy,6.0,1,,PRUNED
52,,2026-09-20 00:15:22.018187,2026-09-20 00:15:22.033971,0 days 00:00:00.015784,entropy,6.0,1,,PRUNED
53,,2026-09-20 00:15:22.033971,2026-09-20 00:15:22.033971,0 days 00:00:00,entropy,6.0,1,,PRUNED
54,,2026-09-20 00:15:22.033971,2026-09-20 00:15:22.033971,0 days 00:00:00,entropy,6.0,20,,PRUNED
55,,2026-09-20 00:15:22.033971,2026-09-20 00:15:22.033971,0 days 00:00:00,gini,6.0,1,,PRUNED
56,,2026-09-20 00:15:22.033971,2026-09-20 00:15:22.033971,0 days 00:00:00,entropy,3.0,5,,PRUNED
57,,2026-09-20 00:15:22.033971,2026-09-20 00:15:22.033971,0 days 00:00:00,gini,6.0,20,,PRUNED
58,,2026-09-20 00:15:22.033971,2026-09-20 00:15:22.049860,0 days 00:00:00.015889,gini,6.0,1,,PRUNED
59,0.5811711485126978,2026-09-20 00:15:22.049860,2026-09-20 00:15:22.471207,0 days 00:00:00.421347,entropy,12.0,5,"{'criterion': 'entropy', 'max_depth': 12, 'min_samples_leaf': 5}",COMPLETE
60,,2026-09-20 00:15:22.471207,2026-09-20 00:15:22.483211,0 days 00:00:00.012004,gini,,20,,PRUNED
61,,2026-09-20 00:15:22.483211,2026-09-20 00:15:22.483211,0 days 00:00:00,gini,,20,,PRUNED
62,,2026-09-20 00:15:22.483211,2026-09-20 00:15:22.493003,0 days 00:00:00.009792,gini,,20,,PRUNED
63,,2026-09-20 00:15:22.493003,2026-09-20 00:15:22.499309,0 days 00:00:00.006306,gini,,20,,PRUNED
64,,2026-09-20 00:15:22.499309,2026-09-20 00:15:22.505526,0 days 00:00:00.006217,gini,,20,,PRUNED
65,,2026-09-20 00:15:22.505526,2026-09-20 00:15:22.515381,0 days 00:00:00.009855,gini,6.0,20,,PRUNED
66,,2026-09-20 00:15:22.515381,2026-09-20 00:15:22.515381,0 days 00:00:00,gini,6.0,1,,PRUNED
67,,2026-09-20 00:15:22.515381,2026-09-20 00:15:22.515381,0 days 00:00:00,gini,3.0,20,,PRUNED
68,0.5736555244979461,2026-09-20 00:15:22.515381,2026-09-20 00:15:22.934056,0 days 00:00:00.418675,entropy,3.0,20,"{'criterion': 'entropy', 'max_depth': 3, 'min_samples_leaf': 20}",COMPLETE
69,,2026-09-20 00:15:22.935050,2026-09-20 00:15:22.937061,0 days 00:00:00.002011,gini,6.0,1,,PRUNED
70,,2026-09-20 00:15:22.937061,2026-09-20 00:15:22.940106,0 days 00:00:00.003045,entropy,6.0,5,,PRUNED
71,,2026-09-20 00:15:22.940106,2026-09-20 00:15:22.943113,0 days 00:00:00.003007,entropy,12.0,20,,PRUNED
72,,2026-09-20 00:15:22.943113,2026-09-20 00:15:22.946114,0 days 00:00:00.003001,entropy,12.0,20,,PRUNED
73,,2026-09-20 00:15:22.947111,2026-09-20 00:15:22.950111,0 days 00:00:00.003000,entropy,12.0,20,,PRUNED
74,,2026-09-20 00:15:22.950111,2026-09-20 00:15:22.954111,0 days 00:00:00.004000,entropy,12.0,20,,PRUNED
75,,2026-09-20 00:15:22.954111,2026-09-20 00:15:22.955957,0 days 00:00:00.001846,entropy,12.0,20,,PRUNED
76,,2026-09-20 00:15:22.955957,2026-09-20 00:15:22.960035,0 days 00:00:00.004078,gini,6.0,5,,PRUNED
77,0.5736555244979461,2026-09-20 00:15:22.960035,2026-09-20 00:15:23.359321,0 days 00:00:00.399286,entropy,3.0,1,"{'criterion': 'entropy', 'max_depth': 3, 'min_samples_leaf': 1}",COMPLETE
78,,2026-09-20 00:15:23.359321,2026-09-20 00:15:23.368923,0 days 00:00:00.009602,gini,,20,,PRUNED
79,,2026-09-20 00:15:23.368923,2026-09-20 00:15:23.374937,0 days 00:00:00.006014,entropy,6.0,5,,PRUNED
80,,2026-09-20 00:15:23.374937,2026-09-20 00:15:23.377039,0 days 00:00:00.002102,gini,6.0,1,,PRUNED
81,,2026-09-20 00:15:23.377039,2026-09-20 00:15:23.377039,0 days 00:00:00,entropy,,20,,PRUNED
82,,2026-09-20 00:15:23.377039,2026-09-20 00:15:23.383543,0 days 00:00:00.006504,entropy,,20,,PRUNED
83,,2026-09-20 00:15:23.383543,2026-09-20 00:15:23.388329,0 days 00:00:00.004786,entropy,,20,,PRUNED
84,,2026-09-20 00:15:23.388329,2026-09-20 00:15:23.388329,0 days 00:00:00,entropy,,20,,PRUNED
85,,2026-09-20 00:15:23.388329,2026-09-20 00:15:23.388329,0 days 00:00:00,entropy,6.0,5,,PRUNED
86,0.5924232927183501,2026-09-20 00:15:23.388329,2026-09-20 00:15:23.813929,0 days 00:00:00.425600,gini,12.0,20,"{'criterion': 'gini', 'max_depth': 12, 'min_samples_leaf': 20}",COMPLETE
