row_id,probability_sigmoid,y_pred_sigmoid,variant
2666,0.08320132240588095,0,sigmoid
189,0.09487169404107523,0,sigmoid
2257,0.08326397853066887,0,sigmoid
2641,0.1033581491128214,0,sigmoid
328,0.5377531009119736,1,sigmoid
6321,0.08324206555880376,0,sigmoid
785,0.36782964077536606,0,sigmoid
3253,0.10456880733087294,0,sigmoid
4097,0.08530922908377976,0,sigmoid
2444,0.5651388118842537,1,sigmoid
5442,0.08320132240522655,0,sigmoid
2399,0.5272930523979928,1,sigmoid
6746,0.09757602810864731,0,sigmoid
4319,0.08322156835052229,0,sigmoid
155,0.5506656218101912,1,sigmoid
5840,0.08328286508433191,0,sigmoid
1491,0.08327238412722869,0,sigmoid
3457,0.08343319813841864,0,sigmoid
5229,0.44590019527256824,0,sigmoid
777,0.564913985638951,1,sigmoid
3218,0.08333098122659986,0,sigmoid
6437,0.0832013224053347,0,sigmoid
1019,0.08333001344291906,0,sigmoid
830,0.08505321569065107,0,sigmoid
5993,0.5635982677270721,1,sigmoid
6627,0.08320139091924439,0,sigmoid
2247,0.08320132240522994,0,sigmoid
556,0.08339195095496188,0,sigmoid
4820,0.08320132248583552,0,sigmoid
3908,0.08320132245536906,0,sigmoid
3567,0.16703456352199342,0,sigmoid
2833,0.08320132242082175,0,sigmoid
4536,0.564915982249839,1,sigmoid
3780,0.08320132240598987,0,sigmoid
6576,0.08327708596246017,0,sigmoid
4432,0.08320132241357835,0,sigmoid
1428,0.5619840409112496,1,sigmoid
5777,0.08320132240535,0,sigmoid
6031,0.14431516679004028,0,sigmoid
4909,0.08320132240639336,0,sigmoid
2195,0.08320205890180385,0,sigmoid
3815,0.5649756882793079,1,sigmoid
4200,0.08320132240546324,0,sigmoid
5851,0.14016578372481367,0,sigmoid
1097,0.4611593727281972,0,sigmoid
6480,0.10517644979989615,0,sigmoid
2749,0.0885791051640354,0,sigmoid
859,0.08320132240524844,0,sigmoid
4357,0.0832064876328575,0,sigmoid
6806,0.08320132240523787,0,sigmoid
1950,0.3129668214309466,0,sigmoid
6100,0.5642225838203255,1,sigmoid
6729,0.08320132241211492,0,sigmoid
1205,0.5650110482513437,1,sigmoid
2078,0.0836672538338823,0,sigmoid
5473,0.4759940765327948,0,sigmoid
5714,0.563529480332168,1,sigmoid
6335,0.5593892510280347,1,sigmoid
6635,0.08320187939647156,0,sigmoid
246,0.08958544127146738,0,sigmoid
3292,0.34685265184527503,0,sigmoid
543,0.564211829043482,1,sigmoid
5424,0.08320132243110738,0,sigmoid
4364,0.08320132240573237,0,sigmoid
669,0.08320132240970525,0,sigmoid
27,0.2313981138758688,0,sigmoid
3681,0.5642651529604579,1,sigmoid
6873,0.08320132240564246,0,sigmoid
7030,0.08343635277257051,0,sigmoid
2909,0.09022121670098025,0,sigmoid
4123,0.4568488365384163,0,sigmoid
4780,0.546648875599566,1,sigmoid
5611,0.4987631598922377,0,sigmoid
7037,0.08320132240524752,0,sigmoid
6724,0.08320132240885257,0,sigmoid
3259,0.4763732177152544,0,sigmoid
5608,0.08334545438380075,0,sigmoid
829,0.22093537173635816,0,sigmoid
5264,0.08334986788684239,0,sigmoid
1077,0.24353835908449398,0,sigmoid
188,0.0832203799986332,0,sigmoid
4426,0.08821945409554634,0,sigmoid
1941,0.486648686474707,0,sigmoid
1917,0.08320132240537963,0,sigmoid
2193,0.08320144527897898,0,sigmoid
5784,0.5416259460012647,1,sigmoid
357,0.08320132284207683,0,sigmoid
1228,0.27181998869775653,0,sigmoid
1853,0.5485375230068082,1,sigmoid
208,0.5537288348078535,1,sigmoid
2323,0.5205257139394444,1,sigmoid
1572,0.5620358045977423,1,sigmoid
814,0.08421969483779997,0,sigmoid
4013,0.4360833663354422,0,sigmoid
659,0.08322754526999612,0,sigmoid
6968,0.564767351826197,1,sigmoid
5326,0.0834470466091713,0,sigmoid
2390,0.08320375446669599,0,sigmoid
301,0.5652598095039322,1,sigmoid
3129,0.08565627158044481,0,sigmoid
4487,0.08320136542111634,0,sigmoid
695,0.08333203120186508,0,sigmoid
3397,0.0832013224145915,0,sigmoid
5768,0.2564218820863512,0,sigmoid
2542,0.08628442995851676,0,sigmoid
6848,0.26629641754851396,0,sigmoid
2998,0.5647393189434432,1,sigmoid
1339,0.09083278033126155,0,sigmoid
5331,0.08320132240542208,0,sigmoid
4813,0.5416044862282313,1,sigmoid
5559,0.533929437681181,1,sigmoid
1725,0.565247600105654,1,sigmoid
2639,0.5262661074006735,1,sigmoid
6667,0.5650308958347042,1,sigmoid
7027,0.33047324482336243,0,sigmoid
3582,0.5650715615959482,1,sigmoid
5303,0.124373091876588,0,sigmoid
1638,0.08320132240793317,0,sigmoid
1394,0.08438002404092394,0,sigmoid
799,0.22573419860353433,0,sigmoid
4592,0.08320158449640568,0,sigmoid
6290,0.08320132282921823,0,sigmoid
4370,0.0838305754194722,0,sigmoid
1614,0.08320132240761641,0,sigmoid
5841,0.19956990253634155,0,sigmoid
5485,0.32791398450150766,0,sigmoid
2762,0.08320132747594168,0,sigmoid
1431,0.09098503041163417,0,sigmoid
1487,0.22808315061383994,0,sigmoid
1159,0.565207862921895,1,sigmoid
6672,0.0832013224052342,0,sigmoid
2584,0.08488485921939744,0,sigmoid
3417,0.11046636762950626,0,sigmoid
4950,0.5647727624184218,1,sigmoid
3501,0.08320132240607674,0,sigmoid
4507,0.223209070408084,0,sigmoid
1063,0.1941087992210964,0,sigmoid
5603,0.13638128382085976,0,sigmoid
4117,0.08320132240692543,0,sigmoid
263,0.0832013224797099,0,sigmoid
4897,0.10016916765786452,0,sigmoid
6474,0.08320132240532888,0,sigmoid
4081,0.5649169910967718,1,sigmoid
6204,0.4317161283523433,0,sigmoid
790,0.0832013224052671,0,sigmoid
1287,0.5161138808425196,1,sigmoid
1709,0.08320132311430296,0,sigmoid
6420,0.3451938510786044,0,sigmoid
2504,0.5633214866953412,1,sigmoid
2989,0.08324824680129132,0,sigmoid
4252,0.4867370463574348,0,sigmoid
2287,0.08320132255828706,0,sigmoid
1645,0.5650249658239289,1,sigmoid
4880,0.08320132240523309,0,sigmoid
5335,0.08336096241554962,0,sigmoid
1822,0.3890683914084395,0,sigmoid
3471,0.08320197628140827,0,sigmoid
5665,0.3208690884028086,0,sigmoid
4150,0.565230594655465,1,sigmoid
2371,0.08968848226010868,0,sigmoid
1787,0.18659163690582445,0,sigmoid
525,0.10292070472083653,0,sigmoid
6281,0.08320308567857879,0,sigmoid
15,0.0832013224052335,0,sigmoid
5162,0.08323485305435414,0,sigmoid
4207,0.1259625001549193,0,sigmoid
5085,0.4656271851407078,0,sigmoid
3866,0.08320132240523909,0,sigmoid
722,0.5637278891346815,1,sigmoid
1352,0.08320132240539399,0,sigmoid
2348,0.0835155657247214,0,sigmoid
3752,0.08320132249431687,0,sigmoid
5448,0.0856765039562596,0,sigmoid
3418,0.19908834429782057,0,sigmoid
3325,0.5651088287656838,1,sigmoid
5109,0.08320132240527164,0,sigmoid
5130,0.4491510300577938,0,sigmoid
2824,0.08320132240522791,0,sigmoid
120,0.08367420860065025,0,sigmoid
66,0.3139097215688335,0,sigmoid
6978,0.08320132240576317,0,sigmoid
466,0.08320132359901161,0,sigmoid
2400,0.22470843028530924,0,sigmoid
6704,0.09412917272402915,0,sigmoid
4901,0.5647633903457607,1,sigmoid
5733,0.083201322405226,0,sigmoid
1559,0.08328438643046303,0,sigmoid
5805,0.4518823783128295,0,sigmoid
4659,0.08320132240605363,0,sigmoid
585,0.5652528086807956,1,sigmoid
2024,0.536605965046267,1,sigmoid
3026,0.5647808385367766,1,sigmoid
4707,0.08333325269615474,0,sigmoid
6000,0.0832013292936962,0,sigmoid
1723,0.08320132240523462,0,sigmoid
5282,0.5650649151191419,1,sigmoid
1064,0.08376789149269723,0,sigmoid
162,0.5648979238004718,1,sigmoid
5931,0.5651441101367783,1,sigmoid
3051,0.08320132240531371,0,sigmoid
2571,0.08320132442352235,0,sigmoid
3983,0.5407796205991676,1,sigmoid
327,0.565217414841731,1,sigmoid
3477,0.5648032464488933,1,sigmoid
2049,0.18792908350409085,0,sigmoid
6092,0.08320132240736604,0,sigmoid
6061,0.2746631549065585,0,sigmoid
4009,0.08320132241384962,0,sigmoid
3284,0.5640220962354124,1,sigmoid
5221,0.1057694144356963,0,sigmoid
1997,0.08320132242223592,0,sigmoid
4465,0.34035674271831623,0,sigmoid
5184,0.0832013224440141,0,sigmoid
5240,0.08320132242517088,0,sigmoid
2536,0.08320614361409914,0,sigmoid
5322,0.25787420812817546,0,sigmoid
2035,0.2537387120813256,0,sigmoid
2484,0.08320789711952331,0,sigmoid
6548,0.08800200426805013,0,sigmoid
3300,0.08320138484282173,0,sigmoid
5580,0.08320206664951513,0,sigmoid
569,0.08360927296507019,0,sigmoid
1147,0.5636597168084767,1,sigmoid
3779,0.08320132240529647,0,sigmoid
4717,0.10993008789232644,0,sigmoid
6430,0.08320590358960783,0,sigmoid
2618,0.08320273095974003,0,sigmoid
2001,0.08328198556835205,0,sigmoid
4575,0.08333131895180496,0,sigmoid
6930,0.5218867509926416,1,sigmoid
6966,0.0834617008560193,0,sigmoid
530,0.08320132240522903,0,sigmoid
3775,0.5649794350682971,1,sigmoid
4404,0.564229047331396,1,sigmoid
5436,0.16359866687529706,0,sigmoid
3662,0.5458681099867696,1,sigmoid
3626,0.18985936460506497,0,sigmoid
2531,0.08320132240522655,0,sigmoid
640,0.08320132240522693,0,sigmoid
3880,0.08367091810631598,0,sigmoid
5779,0.13486165345298415,0,sigmoid
3530,0.4346285553161284,0,sigmoid
7015,0.5335670832350471,1,sigmoid
5930,0.08320132241997112,0,sigmoid
5695,0.08320132241798014,0,sigmoid
6927,0.08370755073527981,0,sigmoid
914,0.0832013224052291,0,sigmoid
1623,0.0832013272725171,0,sigmoid
1353,0.0832016836673151,0,sigmoid
3426,0.5649212162295597,1,sigmoid
2768,0.08320291864514515,0,sigmoid
1833,0.47397192909978836,0,sigmoid
3115,0.5645210747560668,1,sigmoid
4703,0.5638186150414157,1,sigmoid
3391,0.08326365708447929,0,sigmoid
1823,0.49609415826000136,0,sigmoid
5699,0.5639711346282342,1,sigmoid
4339,0.08337653428539063,0,sigmoid
2325,0.08354885429255902,0,sigmoid
6684,0.08332709408831088,0,sigmoid
372,0.08320132240652704,0,sigmoid
5849,0.08320132240524834,0,sigmoid
5489,0.32212327253229606,0,sigmoid
6019,0.3167860748556996,0,sigmoid
3414,0.0832013224069527,0,sigmoid
2938,0.08546353188487565,0,sigmoid
4519,0.0855882609242483,0,sigmoid
1165,0.08320149026785345,0,sigmoid
1335,0.5029651685269115,1,sigmoid
2676,0.08320217545894544,0,sigmoid
1306,0.08320227959757319,0,sigmoid
4618,0.5652477113165528,1,sigmoid
3495,0.5652342183824458,1,sigmoid
4285,0.08320132240538122,0,sigmoid
1317,0.0833479639054346,0,sigmoid
3435,0.5406322095015835,1,sigmoid
3891,0.08325896754224932,0,sigmoid
442,0.08336856974219263,0,sigmoid
2112,0.08732437883987969,0,sigmoid
4731,0.08320144195414139,0,sigmoid
1789,0.15169277850878302,0,sigmoid
1582,0.08329863923555672,0,sigmoid
5555,0.08320132240522611,0,sigmoid
4814,0.5637598123564224,1,sigmoid
4729,0.08320132240620383,0,sigmoid
5336,0.08326985848018001,0,sigmoid
1222,0.08320132240535642,0,sigmoid
854,0.08320132240522594,0,sigmoid
2186,0.0832013224052256,0,sigmoid
6935,0.08320132240571448,0,sigmoid
2090,0.08351193432882205,0,sigmoid
1048,0.08320388951132168,0,sigmoid
3080,0.17087957197022688,0,sigmoid
5574,0.08342431539904968,0,sigmoid
5063,0.5645031676720155,1,sigmoid
5563,0.08327538107325333,0,sigmoid
2605,0.08320132240551137,0,sigmoid
5829,0.08378060411474623,0,sigmoid
5036,0.558418681197777,1,sigmoid
6507,0.1036241189621065,0,sigmoid
2051,0.08320132240522564,0,sigmoid
1649,0.23063219942810267,0,sigmoid
5713,0.08320132240943862,0,sigmoid
4125,0.10201459730465244,0,sigmoid
4027,0.4898818470361398,0,sigmoid
6559,0.4710361459909747,0,sigmoid
6065,0.0832013224052382,0,sigmoid
2416,0.4757558175036436,0,sigmoid
2415,0.461174584034774,0,sigmoid
7006,0.4028388610184723,0,sigmoid
6567,0.5640213902610781,1,sigmoid
6569,0.08320132240523542,0,sigmoid
4118,0.21052334931634872,0,sigmoid
3580,0.31801633094036863,0,sigmoid
2643,0.5645333130695313,1,sigmoid
5936,0.08320132240523538,0,sigmoid
3278,0.08320132241450028,0,sigmoid
3108,0.08328172046380845,0,sigmoid
2817,0.08320132240522767,0,sigmoid
1457,0.22375751810641797,0,sigmoid
7042,0.08320132242423445,0,sigmoid
5937,0.5652099968208911,1,sigmoid
776,0.10674848601302236,0,sigmoid
6686,0.0832013224061262,0,sigmoid
2240,0.08320132240532391,0,sigmoid
2597,0.08396515388574508,0,sigmoid
3739,0.08322530127189093,0,sigmoid
6226,0.08320132240523344,0,sigmoid
2352,0.08376831378808679,0,sigmoid
1510,0.08320132240525223,0,sigmoid
5413,0.543666407142108,1,sigmoid
429,0.08322016450726556,0,sigmoid
3009,0.08363903571721808,0,sigmoid
946,0.08322545298561608,0,sigmoid
6693,0.5586995496956406,1,sigmoid
6940,0.08320132240523,0,sigmoid
5350,0.08320132240992449,0,sigmoid
4011,0.08320132240524539,0,sigmoid
5666,0.08329866947981848,0,sigmoid
182,0.5618612952553554,1,sigmoid
4050,0.5602996458056151,1,sigmoid
463,0.5650779172648808,1,sigmoid
6215,0.5652457507985611,1,sigmoid
3094,0.08584511917677386,0,sigmoid
3958,0.5609114125829243,1,sigmoid
2331,0.08320489119513075,0,sigmoid
4601,0.4970509793983096,0,sigmoid
6213,0.08320132240523286,0,sigmoid
4374,0.08320132240522767,0,sigmoid
215,0.10650380560284696,0,sigmoid
6952,0.5255370447218037,1,sigmoid
4075,0.1264897339581588,0,sigmoid
4656,0.5369120947694623,1,sigmoid
4347,0.08320132289564652,0,sigmoid
2230,0.08320132240522747,0,sigmoid
6515,0.11105549242263775,0,sigmoid
1058,0.5589854016710423,1,sigmoid
6997,0.5625164762733408,1,sigmoid
248,0.3110468864680555,0,sigmoid
2084,0.5358940509603172,1,sigmoid
4587,0.18630631759392252,0,sigmoid
6506,0.5650486460015145,1,sigmoid
5456,0.529031872142813,1,sigmoid
6310,0.08680617153925327,0,sigmoid
5286,0.5601153561711079,1,sigmoid
3100,0.1364097464974747,0,sigmoid
3040,0.08320132240627151,0,sigmoid
2327,0.5466486510532014,1,sigmoid
3146,0.45372512426490186,0,sigmoid
7022,0.09721233243215378,0,sigmoid
2445,0.13006800336933916,0,sigmoid
3886,0.0845307824479036,0,sigmoid
1744,0.09629642898819547,0,sigmoid
6573,0.08329151342021206,0,sigmoid
4298,0.38080891400228034,0,sigmoid
1828,0.0832103655804596,0,sigmoid
3666,0.43158462477560255,0,sigmoid
6590,0.5649309678762899,1,sigmoid
4195,0.5125066978465942,1,sigmoid
5654,0.08320132240656995,0,sigmoid
381,0.36637761731085894,0,sigmoid
16,0.0832015366768705,0,sigmoid
3013,0.10304697908136422,0,sigmoid
1769,0.16084055521514148,0,sigmoid
5910,0.4772197622867693,0,sigmoid
3281,0.08320134302823759,0,sigmoid
3445,0.18885679657535484,0,sigmoid
3729,0.08320132240522858,0,sigmoid
5321,0.08320658491811336,0,sigmoid
5939,0.0966973488855004,0,sigmoid
6316,0.08320132240522629,0,sigmoid
3617,0.5633802187608699,1,sigmoid
3993,0.08320132240637262,0,sigmoid
5382,0.08321116388804635,0,sigmoid
4261,0.08369928833822511,0,sigmoid
5425,0.5631219720769389,1,sigmoid
1711,0.08320132240522655,0,sigmoid
6408,0.08320132248750929,0,sigmoid
3054,0.08351448402763881,0,sigmoid
3268,0.08393925653279187,0,sigmoid
331,0.08320664817199731,0,sigmoid
6337,0.08338089419248212,0,sigmoid
1898,0.5651508718048199,1,sigmoid
4793,0.08419727715785874,0,sigmoid
4003,0.08320132240525467,0,sigmoid
6833,0.5453973770182011,1,sigmoid
3447,0.08797051140288586,0,sigmoid
841,0.08320132240634245,0,sigmoid
4346,0.08448461891714627,0,sigmoid
28,0.08320132240530982,0,sigmoid
2786,0.0833887245113859,0,sigmoid
307,0.083201322436028,0,sigmoid
3042,0.12762605338194388,0,sigmoid
4203,0.08320158898211492,0,sigmoid
422,0.08365068507948731,0,sigmoid
6283,0.47487950413790136,0,sigmoid
2134,0.08327640033262368,0,sigmoid
6518,0.5487738283788516,1,sigmoid
4367,0.08368007072167896,0,sigmoid
4053,0.48235671531801305,0,sigmoid
6417,0.5536266308178092,1,sigmoid
734,0.5426352951467467,1,sigmoid
227,0.4165426480570296,0,sigmoid
765,0.4486701393155787,0,sigmoid
5735,0.08320132240522697,0,sigmoid
2481,0.08320132240530952,0,sigmoid
3996,0.08320132240528627,0,sigmoid
6692,0.15840238676131174,0,sigmoid
5808,0.08320132248138953,0,sigmoid
3688,0.5375223648076253,1,sigmoid
6002,0.5649037047714652,1,sigmoid
2121,0.08327889242238737,0,sigmoid
5129,0.561462407696271,1,sigmoid
4927,0.08320132240524812,0,sigmoid
4715,0.08320132240579185,0,sigmoid
5764,0.08320132342828825,0,sigmoid
5348,0.08330761281017685,0,sigmoid
2969,0.08320132240777348,0,sigmoid
5079,0.5595019022622731,1,sigmoid
2512,0.08593485457347456,0,sigmoid
1220,0.38355107140870776,0,sigmoid
3676,0.08831786758003293,0,sigmoid
2801,0.08322535125713396,0,sigmoid
6327,0.22169627146998108,0,sigmoid
4376,0.20792725355781352,0,sigmoid
194,0.08320132240522543,0,sigmoid
2586,0.08320260339677293,0,sigmoid
5868,0.4943524383052264,0,sigmoid
6510,0.08320132240853549,0,sigmoid
6817,0.0832013224052257,0,sigmoid
606,0.08320132240564555,0,sigmoid
3032,0.08320132240523906,0,sigmoid
4457,0.22723391275899235,0,sigmoid
4754,0.0832013224052334,0,sigmoid
4278,0.29055537747083027,0,sigmoid
1307,0.08380700290594954,0,sigmoid
6857,0.4586131563612237,0,sigmoid
1065,0.5514198859412889,1,sigmoid
6482,0.5651312004633366,1,sigmoid
3518,0.08327210906185517,0,sigmoid
5195,0.08320132240760397,0,sigmoid
3692,0.4674692007456479,0,sigmoid
4395,0.15888801881907927,0,sigmoid
6103,0.08320950861473529,0,sigmoid
5138,0.08320132391671518,0,sigmoid
3479,0.5024350337171472,1,sigmoid
6886,0.5651806347580725,1,sigmoid
3888,0.5159534590960085,1,sigmoid
5911,0.09358061064711903,0,sigmoid
1920,0.08339478858860742,0,sigmoid
4155,0.08320132240590065,0,sigmoid
3718,0.47517999976416525,0,sigmoid
6689,0.08320763088055942,0,sigmoid
5471,0.5643695392927072,1,sigmoid
2358,0.08320254586217483,0,sigmoid
6572,0.08320132240535175,0,sigmoid
870,0.08320132240966308,0,sigmoid
6975,0.08320132250422557,0,sigmoid
6793,0.08320132240534199,0,sigmoid
294,0.08325401915117438,0,sigmoid
253,0.08331741056486783,0,sigmoid
5226,0.08357264010298025,0,sigmoid
6876,0.08463088765941619,0,sigmoid
5582,0.0832013224052299,0,sigmoid
6141,0.547087332630989,1,sigmoid
3634,0.0832013224111349,0,sigmoid
6929,0.08320256909638614,0,sigmoid
6792,0.08320497654002433,0,sigmoid
1125,0.5643032131972556,1,sigmoid
4309,0.5595359472653915,1,sigmoid
4263,0.08320132240529224,0,sigmoid
3205,0.08320132240542796,0,sigmoid
2123,0.5637829596026654,1,sigmoid
4064,0.48301289107844475,0,sigmoid
5438,0.5637557160719083,1,sigmoid
3052,0.1388429161566943,0,sigmoid
1684,0.12660153583318137,0,sigmoid
1620,0.09084714791149967,0,sigmoid
6379,0.5625688296202314,1,sigmoid
3659,0.08320760582592907,0,sigmoid
3872,0.535014777750197,1,sigmoid
2613,0.5597974331076059,1,sigmoid
885,0.08344649890570092,0,sigmoid
6706,0.0832747038675081,0,sigmoid
3839,0.08320660125779189,0,sigmoid
2906,0.13114013760514023,0,sigmoid
2635,0.08320132240523452,0,sigmoid
2557,0.3937293347098352,0,sigmoid
4130,0.3666609757015655,0,sigmoid
1360,0.5652527260812442,1,sigmoid
911,0.5483852790993831,1,sigmoid
1309,0.5650008312195629,1,sigmoid
3180,0.08327659742946622,0,sigmoid
4447,0.102238427844309,0,sigmoid
6183,0.08779096136546882,0,sigmoid
1701,0.08326457674892249,0,sigmoid
2614,0.08320490324816786,0,sigmoid
1531,0.08340176531536497,0,sigmoid
5116,0.5641308098899328,1,sigmoid
1561,0.565011394973675,1,sigmoid
2595,0.08320132242839062,0,sigmoid
2683,0.5392269326710446,1,sigmoid
5141,0.08339339003621947,0,sigmoid
2016,0.5646044076301523,1,sigmoid
5058,0.1914847050627987,0,sigmoid
1767,0.08320132240531733,0,sigmoid
103,0.08485806920301951,0,sigmoid
616,0.13925879437451302,0,sigmoid
1931,0.08736371927163131,0,sigmoid
5869,0.10446873950460571,0,sigmoid
4553,0.08320132240611477,0,sigmoid
4517,0.5652118301135642,1,sigmoid
5913,0.08450573119944489,0,sigmoid
5383,0.5643474744008159,1,sigmoid
789,0.08320132240586008,0,sigmoid
6545,0.5550277272128266,1,sigmoid
6666,0.5476867306940588,1,sigmoid
1732,0.11431367668378874,0,sigmoid
6496,0.5563275373905032,1,sigmoid
1719,0.5638770286794,1,sigmoid
4806,0.0832015194372338,0,sigmoid
3422,0.08320132241172964,0,sigmoid
909,0.08320132252687054,0,sigmoid
5056,0.08320132240523655,0,sigmoid
3592,0.5602482160120159,1,sigmoid
6555,0.08320270778346485,0,sigmoid
2551,0.08334025821294166,0,sigmoid
4922,0.08793244711760591,0,sigmoid
5969,0.4398502912213695,0,sigmoid
3561,0.5623424021859549,1,sigmoid
3613,0.16040138554953337,0,sigmoid
2474,0.5591865411221403,1,sigmoid
5206,0.08320132242044363,0,sigmoid
6594,0.08586522759264154,0,sigmoid
2000,0.5412141864234754,1,sigmoid
2113,0.083987817166607,0,sigmoid
6195,0.5637127701524666,1,sigmoid
1396,0.08472910780547263,0,sigmoid
751,0.08320132240534464,0,sigmoid
4479,0.08320132240539907,0,sigmoid
3577,0.08842466178862603,0,sigmoid
430,0.08320267726546342,0,sigmoid
2360,0.0832013224052254,0,sigmoid
5273,0.08320132240522618,0,sigmoid
6520,0.5650137702059141,1,sigmoid
3556,0.08320149389047335,0,sigmoid
916,0.5606319904057049,1,sigmoid
1052,0.09234661272061918,0,sigmoid
3137,0.08726865752873796,0,sigmoid
6691,0.08331988954187845,0,sigmoid
4135,0.08320132240631616,0,sigmoid
35,0.08320132240542227,0,sigmoid
636,0.08320132562336521,0,sigmoid
3595,0.5648664650313797,1,sigmoid
48,0.08320132241089283,0,sigmoid
3475,0.08320149035301898,0,sigmoid
6636,0.09030861592308566,0,sigmoid
5304,0.5621923040926735,1,sigmoid
4827,0.5637987274732134,1,sigmoid
5816,0.5451421774798543,1,sigmoid
4918,0.08320132240522554,0,sigmoid
2403,0.08322550060348248,0,sigmoid
4074,0.5609430006853302,1,sigmoid
1636,0.08320247206914622,0,sigmoid
3250,0.0832036157046389,0,sigmoid
4445,0.08320132240705833,0,sigmoid
1522,0.3400019795969778,0,sigmoid
6266,0.5346809607966474,1,sigmoid
901,0.5191028660525654,1,sigmoid
1872,0.0832013224052319,0,sigmoid
6751,0.08320132240523735,0,sigmoid
1450,0.08322192080631982,0,sigmoid
3643,0.0832013381426273,0,sigmoid
6646,0.08320134517765715,0,sigmoid
1095,0.5650876437323752,1,sigmoid
4566,0.0883798312022718,0,sigmoid
6106,0.3145271329837045,0,sigmoid
1936,0.08338197112135515,0,sigmoid
446,0.5490052794920284,1,sigmoid
808,0.5614845660478818,1,sigmoid
575,0.08320132240865229,0,sigmoid
2347,0.08320163603799484,0,sigmoid
1817,0.0832013227407566,0,sigmoid
5481,0.5652321843545504,1,sigmoid
5726,0.08320132240524306,0,sigmoid
2739,0.08444427757783718,0,sigmoid
7005,0.08320141504496356,0,sigmoid
3338,0.5637287610949262,1,sigmoid
2495,0.08320147854589748,0,sigmoid
3082,0.08321497338903756,0,sigmoid
3655,0.0832352366255698,0,sigmoid
6200,0.08320132240522543,0,sigmoid
4122,0.08320264745962924,0,sigmoid
3980,0.564290937723104,1,sigmoid
4503,0.5622404185419693,1,sigmoid
1934,0.5618740489100628,1,sigmoid
4956,0.5625322641103044,1,sigmoid
3125,0.08326761258169163,0,sigmoid
4941,0.08342801002837591,0,sigmoid
1814,0.08320132240523509,0,sigmoid
5384,0.48978767460255995,0,sigmoid
4107,0.08320132240641752,0,sigmoid
1407,0.08320132242343196,0,sigmoid
938,0.08324769326583288,0,sigmoid
2032,0.5640157043567994,1,sigmoid
4174,0.08473691623622757,0,sigmoid
2732,0.0832043225750118,0,sigmoid
3481,0.5548290465955545,1,sigmoid
6911,0.08320132240523276,0,sigmoid
2496,0.08320132240523892,0,sigmoid
5941,0.16391251917374283,0,sigmoid
2842,0.10238922270950353,0,sigmoid
124,0.08320760693998144,0,sigmoid
1866,0.083272305818932,0,sigmoid
1208,0.56508550401639,1,sigmoid
6795,0.21548989931464227,0,sigmoid
3610,0.5641631315106913,1,sigmoid
339,0.4688545172172207,0,sigmoid
6863,0.08364925715612159,0,sigmoid
1449,0.0841228407843374,0,sigmoid
3963,0.08320132240522594,0,sigmoid
214,0.5648776348482596,1,sigmoid
1090,0.08518170677604485,0,sigmoid
2494,0.34400806258845684,0,sigmoid
5018,0.08320132240522533,0,sigmoid
5875,0.08320132240933686,0,sigmoid
2185,0.1833800370231169,0,sigmoid
4520,0.08322154250111921,0,sigmoid
6368,0.5652605857754244,1,sigmoid
2895,0.0832035513799826,0,sigmoid
729,0.08320132240829367,0,sigmoid
6791,0.5523252048446036,1,sigmoid
1771,0.5652489345209434,1,sigmoid
4797,0.08320132240523982,0,sigmoid
6877,0.5589619883308381,1,sigmoid
1717,0.0832013224052255,0,sigmoid
2008,0.4773679911973443,0,sigmoid
6096,0.5652191162968099,1,sigmoid
1103,0.09063372847884141,0,sigmoid
6830,0.08320132240533851,0,sigmoid
1713,0.09982322499212136,0,sigmoid
3854,0.1330867470461764,0,sigmoid
2228,0.08320132260350402,0,sigmoid
137,0.08320132240522585,0,sigmoid
2548,0.5596619119400928,1,sigmoid
5872,0.5635379348253261,1,sigmoid
370,0.08320139640027384,0,sigmoid
3347,0.08320132240523187,0,sigmoid
2985,0.08320132260541736,0,sigmoid
5312,0.23736600539919334,0,sigmoid
5579,0.08320132240542095,0,sigmoid
2617,0.083435341124677,0,sigmoid
4905,0.08320132240522801,0,sigmoid
4431,0.5646437018544723,1,sigmoid
3301,0.5652179685411753,1,sigmoid
1246,0.3836344104229333,0,sigmoid
5862,0.5548968422994609,1,sigmoid
2353,0.5650791854315111,1,sigmoid
5698,0.5478548847005489,1,sigmoid
5474,0.5651229348955918,1,sigmoid
773,0.5147089090535154,1,sigmoid
2535,0.08320132241368715,0,sigmoid
5890,0.0832013224056925,0,sigmoid
4999,0.08320132240523295,0,sigmoid
6710,0.08323082102614894,0,sigmoid
4811,0.5023402245479945,1,sigmoid
3063,0.5640524997634876,1,sigmoid
4561,0.43975365594863225,0,sigmoid
1650,0.5580911565434427,1,sigmoid
323,0.08340479766431617,0,sigmoid
2339,0.565240069891288,1,sigmoid
6664,0.31165376713781423,0,sigmoid
1197,0.08321803397216557,0,sigmoid
6288,0.5648366158055551,1,sigmoid
3786,0.5278233099859319,1,sigmoid
2013,0.08320134747410537,0,sigmoid
1922,0.46832998130344633,0,sigmoid
134,0.5453032783498648,1,sigmoid
3772,0.5635797914894694,1,sigmoid
6789,0.08344855955789288,0,sigmoid
224,0.08321279838580017,0,sigmoid
2766,0.08359754932128104,0,sigmoid
2442,0.5652466719170107,1,sigmoid
594,0.39320022984298114,0,sigmoid
5532,0.0832013224052337,0,sigmoid
6162,0.08320132248797844,0,sigmoid
5409,0.565159470806196,1,sigmoid
1452,0.1313511832367122,0,sigmoid
2588,0.5031769255978437,1,sigmoid
1029,0.4556990507198575,0,sigmoid
2685,0.08320132240807626,0,sigmoid
4375,0.08333227511672969,0,sigmoid
2615,0.08320132240722071,0,sigmoid
283,0.08552361610211061,0,sigmoid
6683,0.08979299665300136,0,sigmoid
794,0.2440693624094671,0,sigmoid
3288,0.08320132240523502,0,sigmoid
1436,0.5650718238653782,1,sigmoid
5065,0.08326183444930724,0,sigmoid
1674,0.08320132240523732,0,sigmoid
5050,0.08320132240822524,0,sigmoid
7020,0.0834686892321883,0,sigmoid
2596,0.08399571134241156,0,sigmoid
1244,0.08332984903493856,0,sigmoid
772,0.0832747038675081,0,sigmoid
2340,0.08320519976745158,0,sigmoid
1626,0.14178983559629713,0,sigmoid
3629,0.08320132240527059,0,sigmoid
6824,0.2615716464358142,0,sigmoid
7007,0.08320132241498512,0,sigmoid
6479,0.4280837091794126,0,sigmoid
1740,0.08321627813101204,0,sigmoid
3363,0.0832013224605392,0,sigmoid
6994,0.08320185881674358,0,sigmoid
770,0.08323833828916863,0,sigmoid
1991,0.08328923611191374,0,sigmoid
4598,0.1730429409369132,0,sigmoid
6999,0.15576173066306467,0,sigmoid
4864,0.08340051903680053,0,sigmoid
3127,0.5055555904353962,1,sigmoid
6468,0.1557916171577325,0,sigmoid
3559,0.08320132240523319,0,sigmoid
6063,0.08320132240522629,0,sigmoid
5791,0.4789550548279053,0,sigmoid
6752,0.08320132242690431,0,sigmoid
4103,0.08320132240803355,0,sigmoid
6639,0.08462379121835417,0,sigmoid
3650,0.08320132240531364,0,sigmoid
955,0.13097081963907284,0,sigmoid
4088,0.5642403679006864,1,sigmoid
1133,0.08321884092071365,0,sigmoid
3084,0.0832063020918328,0,sigmoid
1310,0.564134893194157,1,sigmoid
2908,0.5625000992231182,1,sigmoid
5593,0.08327861045343145,0,sigmoid
4622,0.27886253918209525,0,sigmoid
653,0.08329910099907108,0,sigmoid
2077,0.5641579015798491,1,sigmoid
4560,0.48111345212425766,0,sigmoid
3895,0.0832013224052295,0,sigmoid
6776,0.08320132240888799,0,sigmoid
5458,0.31001521893538736,0,sigmoid
5337,0.172524913545559,0,sigmoid
6199,0.5619205351678151,1,sigmoid
601,0.08320357431193166,0,sigmoid
4265,0.11316872018350602,0,sigmoid
5974,0.08320529115931552,0,sigmoid
3523,0.08320132240525552,0,sigmoid
1525,0.08320930290677375,0,sigmoid
5672,0.08541427331629076,0,sigmoid
52,0.14438878302327898,0,sigmoid
4626,0.544269805143186,1,sigmoid
5217,0.08357973326741144,0,sigmoid
5888,0.5398399806823827,1,sigmoid
786,0.08320132240586485,0,sigmoid
3059,0.08320132240522801,0,sigmoid
4456,0.08320132240522697,0,sigmoid
3486,0.08879005683950421,0,sigmoid
2310,0.08320132240865924,0,sigmoid
3335,0.08473076775925924,0,sigmoid
333,0.5649555840275317,1,sigmoid
5301,0.5578897691209898,1,sigmoid
3489,0.08339982746293992,0,sigmoid
3640,0.5648529465033609,1,sigmoid
2659,0.08320132240564714,0,sigmoid
3543,0.08320132240570807,0,sigmoid
6289,0.08320132240532523,0,sigmoid
989,0.08320133361559481,0,sigmoid
2202,0.5632974202125195,1,sigmoid
2829,0.5652077256211102,1,sigmoid
5621,0.5239072614838046,1,sigmoid
20,0.563960279461005,1,sigmoid
2932,0.08320132708306878,0,sigmoid
70,0.22312799873519112,0,sigmoid
1304,0.5648445910436831,1,sigmoid
4881,0.4456727286433792,0,sigmoid
371,0.5651268560651832,1,sigmoid
5328,0.08321212056011945,0,sigmoid
1805,0.08320132240524478,0,sigmoid
1099,0.15496808442094875,0,sigmoid
268,0.08320132240523215,0,sigmoid
2162,0.2645295362477005,0,sigmoid
3453,0.10583563758272153,0,sigmoid
3892,0.08320975263558031,0,sigmoid
199,0.08321781882421571,0,sigmoid
6232,0.5651147285391462,1,sigmoid
1985,0.09057321650168113,0,sigmoid
5535,0.08320132240965179,0,sigmoid
2362,0.11936009191720737,0,sigmoid
3200,0.5422475329589151,1,sigmoid
3400,0.5603846239729168,1,sigmoid
6153,0.08320132240523197,0,sigmoid
2779,0.5650873114988457,1,sigmoid
3513,0.08322171210538612,0,sigmoid
489,0.5639694323568333,1,sigmoid
255,0.0832013224281717,0,sigmoid
3871,0.5644517165028431,1,sigmoid
5803,0.5644628623990269,1,sigmoid
2875,0.564580168014956,1,sigmoid
4563,0.5626310660654468,1,sigmoid
3740,0.5617948502985605,1,sigmoid
3103,0.10263595617208639,0,sigmoid
1617,0.4671312504182576,0,sigmoid
5008,0.08320132240524238,0,sigmoid
5333,0.559739044930432,1,sigmoid
5689,0.5647310420517085,1,sigmoid
3802,0.08327577397009607,0,sigmoid
1209,0.09244201991281316,0,sigmoid
2851,0.08320132240551036,0,sigmoid
356,0.5603874222217987,1,sigmoid
3881,0.08320132240572194,0,sigmoid
676,0.08320254306859903,0,sigmoid
2165,0.08320286046534989,0,sigmoid
4270,0.08320132241036082,0,sigmoid
2004,0.5579057770584646,1,sigmoid
917,0.08320132240848434,0,sigmoid
412,0.5635797576287725,1,sigmoid
3282,0.08627642580970457,0,sigmoid
5418,0.5559078362944659,1,sigmoid
3496,0.4788317385655114,0,sigmoid
1913,0.1366868267615243,0,sigmoid
2827,0.48533506288241984,0,sigmoid
6631,0.11504479353187794,0,sigmoid
2845,0.5628462115991368,1,sigmoid
5908,0.08327714642377991,0,sigmoid
1592,0.17583380637393595,0,sigmoid
4551,0.0858340667083079,0,sigmoid
4501,0.0832013224052302,0,sigmoid
363,0.08320132240528347,0,sigmoid
4542,0.5448340653717415,1,sigmoid
34,0.5503294937333384,1,sigmoid
4372,0.08326882373384675,0,sigmoid
423,0.08320139035959119,0,sigmoid
1026,0.5652484548339513,1,sigmoid
913,0.08320161195125558,0,sigmoid
3332,0.39835633535298265,0,sigmoid
627,0.08367214372703718,0,sigmoid
1658,0.08441498350596463,0,sigmoid
5793,0.2936329139992237,0,sigmoid
4233,0.08320132243226545,0,sigmoid
1806,0.08320132240522639,0,sigmoid
3134,0.08320687080144343,0,sigmoid
5770,0.08321949441645578,0,sigmoid
4416,0.547768095566669,1,sigmoid
4894,0.08499632084619613,0,sigmoid
4029,0.08320132240688302,0,sigmoid
2239,0.08320132240523201,0,sigmoid
3903,0.23421556413841155,0,sigmoid
724,0.5651035755597927,1,sigmoid
3231,0.12374570545866274,0,sigmoid
2337,0.27713934941359936,0,sigmoid
876,0.5350862412101764,1,sigmoid
5755,0.5645101455607354,1,sigmoid
6477,0.08320132244838821,0,sigmoid
426,0.23563710614940298,0,sigmoid
3237,0.08320132240522557,0,sigmoid
4398,0.08320132240528375,0,sigmoid
3473,0.46796486424563283,0,sigmoid
6187,0.083201322405236,0,sigmoid
2950,0.08566287750829539,0,sigmoid
5398,0.0832724780217263,0,sigmoid
3546,0.08320132240943182,0,sigmoid
237,0.5643122285143728,1,sigmoid
3979,0.08320132240522574,0,sigmoid
4084,0.5646166962161256,1,sigmoid
4868,0.56292807385131,1,sigmoid
3076,0.47414667575671016,0,sigmoid
5540,0.08320950035256373,0,sigmoid
6881,0.11742335055242159,0,sigmoid
2164,0.08320132240526401,0,sigmoid
3107,0.08320132240639662,0,sigmoid
6765,0.0832013224052302,0,sigmoid
1558,0.5209666778617889,1,sigmoid
3519,0.5650010687139853,1,sigmoid
2359,0.25256784579319863,0,sigmoid
1379,0.08320132240666965,0,sigmoid
1030,0.3654330452562488,0,sigmoid
388,0.5270310554447082,1,sigmoid
1480,0.08344671079226351,0,sigmoid
2554,0.45661209489495086,0,sigmoid
4440,0.08320133200451713,0,sigmoid
496,0.08768406270868014,0,sigmoid
4704,0.49529156907619337,0,sigmoid
4483,0.0832013224052259,0,sigmoid
5377,0.5578762624966457,1,sigmoid
5175,0.08320190930134132,0,sigmoid
6820,0.30662851776526645,0,sigmoid
3442,0.3909527608946459,0,sigmoid
3119,0.5482238587028463,1,sigmoid
4442,0.5650753697096302,1,sigmoid
3805,0.5652220017267849,1,sigmoid
2318,0.08320132240604777,0,sigmoid
1453,0.5644006944986402,1,sigmoid
3875,0.1972971642487243,0,sigmoid
831,0.08320132240522625,0,sigmoid
100,0.08327714642377991,0,sigmoid
3863,0.564398277017715,1,sigmoid
3342,0.08331306969741481,0,sigmoid
312,0.08320132240929246,0,sigmoid
1852,0.1820586799375789,0,sigmoid
6209,0.0877835775360804,0,sigmoid
4202,0.08320329025481402,0,sigmoid
981,0.08320132240522805,0,sigmoid
5215,0.08328446180114148,0,sigmoid
6955,0.5581373137426774,1,sigmoid
4215,0.08320132247327038,0,sigmoid
4573,0.08320132240522905,0,sigmoid
1259,0.1049539974484862,0,sigmoid
4458,0.5406239028613911,1,sigmoid
4419,0.08320241483879229,0,sigmoid
6588,0.08320132240523695,0,sigmoid
2125,0.08320132244360728,0,sigmoid
1781,0.2982053549151498,0,sigmoid
1279,0.08320559249332789,0,sigmoid
497,0.08320132240522919,0,sigmoid
5020,0.08320132240530555,0,sigmoid
834,0.5652404384886972,1,sigmoid
2670,0.08336343372388881,0,sigmoid
995,0.13978881817440925,0,sigmoid
4329,0.4923422231437794,0,sigmoid
1232,0.5372292354507054,1,sigmoid
864,0.546114081271789,1,sigmoid
3841,0.5648993387958512,1,sigmoid
2409,0.08332514156916569,0,sigmoid
4930,0.3093595823841689,0,sigmoid
6301,0.4489078009039876,0,sigmoid
3160,0.08320132240527964,0,sigmoid
5232,0.08320915522683671,0,sigmoid
3964,0.08320132240524677,0,sigmoid
704,0.35819245670027955,0,sigmoid
1018,0.5403640035359363,1,sigmoid
1840,0.08320132240590968,0,sigmoid
5852,0.5650435688755863,1,sigmoid
816,0.5617053218917405,1,sigmoid
1747,0.5569594893342761,1,sigmoid
6753,0.0832603726969559,0,sigmoid
6386,0.08320132240525822,0,sigmoid
587,0.08320148810278448,0,sigmoid
6976,0.08320132240651575,0,sigmoid
6404,0.0832013230823215,0,sigmoid
3244,0.15403052856973873,0,sigmoid
2233,0.08974741084773279,0,sigmoid
5624,0.5201581491583411,1,sigmoid
3783,0.42011263192766163,0,sigmoid
5544,0.12790596458247658,0,sigmoid
2675,0.08320132240522783,0,sigmoid
471,0.5631013648823652,1,sigmoid
5172,0.08320132240523657,0,sigmoid
5594,0.5617277903270942,1,sigmoid
1624,0.22537834395422765,0,sigmoid
2137,0.0832013224053754,0,sigmoid
102,0.11033051874517177,0,sigmoid
741,0.5619547780328836,1,sigmoid
4001,0.08320132255391814,0,sigmoid
6634,0.3817309838623315,0,sigmoid
1120,0.4306662764608385,0,sigmoid
473,0.08981316133975493,0,sigmoid
254,0.08339409602002062,0,sigmoid
752,0.08614488073302771,0,sigmoid
6396,0.5266659365076094,1,sigmoid
1098,0.08324803256555996,0,sigmoid
5629,0.08364877769874933,0,sigmoid
5274,0.08344602317182577,0,sigmoid
3311,0.31447413623324777,0,sigmoid
2569,0.08320132240522567,0,sigmoid
1302,0.08320132240958533,0,sigmoid
5255,0.5642970857197136,1,sigmoid
1007,0.5638140467895787,1,sigmoid
5940,0.08343087827595921,0,sigmoid
6992,0.08338749729652774,0,sigmoid
3057,0.0832024997642544,0,sigmoid
535,0.5649860868105806,1,sigmoid
4766,0.08320132240542732,0,sigmoid
5480,0.49969247445515313,0,sigmoid
5845,0.5650219140793455,1,sigmoid
1466,0.32494186911265915,0,sigmoid
5459,0.5637759880077072,1,sigmoid
1126,0.5435423166051905,1,sigmoid
1496,0.08661112882966143,0,sigmoid
6922,0.44604677809981363,0,sigmoid
10,0.10582962938605646,0,sigmoid
3374,0.35738352261717493,0,sigmoid
1845,0.08381357413771154,0,sigmoid
2349,0.08320132240642172,0,sigmoid
1338,0.08327680129389563,0,sigmoid
1978,0.08320132241706936,0,sigmoid
3360,0.5649060630464273,1,sigmoid
1604,0.08321335965875565,0,sigmoid
1776,0.0832013224053337,0,sigmoid
578,0.5616742378407269,1,sigmoid
2601,0.08320132240879026,0,sigmoid
2740,0.38333355680278564,0,sigmoid
2943,0.08320132240537116,0,sigmoid
1791,0.08361137826580338,0,sigmoid
4531,0.542963779079895,1,sigmoid
6592,0.08387476660280845,0,sigmoid
6995,0.08320132240569142,0,sigmoid
4500,0.08320736435253558,0,sigmoid
338,0.4674639655995893,0,sigmoid
2758,0.08327728757159655,0,sigmoid
2856,0.5619291448255945,1,sigmoid
4179,0.5598879271895049,1,sigmoid
2832,0.08333804385380124,0,sigmoid
5075,0.5475194737100495,1,sigmoid
750,0.19659926762659663,0,sigmoid
106,0.08355118801227476,0,sigmoid
3876,0.5648179026343775,1,sigmoid
2372,0.08320132240523147,0,sigmoid
5514,0.4301820930911176,0,sigmoid
4248,0.2428899504855242,0,sigmoid
2157,0.11107919260919656,0,sigmoid
3122,0.08320141179410057,0,sigmoid
4350,0.12997904018752646,0,sigmoid
1318,0.5508384365435169,1,sigmoid
3689,0.5652208386583566,1,sigmoid
3083,0.08320132589987975,0,sigmoid
6253,0.11885786677550016,0,sigmoid
1247,0.09907534816175355,0,sigmoid
3764,0.0832360995343938,0,sigmoid
499,0.5462863759424317,1,sigmoid
3713,0.5644377136081422,1,sigmoid
69,0.5205530102577255,1,sigmoid
996,0.4609024230606288,0,sigmoid
6705,0.3706388022711175,0,sigmoid
6156,0.5189837794573158,1,sigmoid
3079,0.556555032827793,1,sigmoid
6867,0.08320132240523523,0,sigmoid
2629,0.48192544472564264,0,sigmoid
2042,0.4435758568992174,0,sigmoid
708,0.4013667020002505,0,sigmoid
3587,0.5623596882144601,1,sigmoid
1395,0.283982267048126,0,sigmoid
6641,0.522033704842553,1,sigmoid
844,0.5651563681638537,1,sigmoid
4992,0.08666939237495128,0,sigmoid
4272,0.08320132240522973,0,sigmoid
4773,0.09183605912149602,0,sigmoid
2636,0.08320132240588796,0,sigmoid
2806,0.08320132263238196,0,sigmoid
709,0.09530018714935823,0,sigmoid
348,0.5594597957752961,1,sigmoid
444,0.5582080371562383,1,sigmoid
825,0.28987474915252215,0,sigmoid
5567,0.08624786725676149,0,sigmoid
6231,0.5630077866901894,1,sigmoid
5722,0.543151624500446,1,sigmoid
129,0.09564434579830869,0,sigmoid
3616,0.08327521622125564,0,sigmoid
4287,0.08369298741957108,0,sigmoid
3297,0.0832013224068707,0,sigmoid
201,0.38448110435637695,0,sigmoid
4405,0.37046941418740087,0,sigmoid
3212,0.5558165349355928,1,sigmoid
2647,0.08344460540911164,0,sigmoid
902,0.560267920797092,1,sigmoid
450,0.08320146691918573,0,sigmoid
4349,0.5647129677559082,1,sigmoid
1661,0.42295874577413034,0,sigmoid
1506,0.08320132242276022,0,sigmoid
2678,0.08320210165479892,0,sigmoid
2480,0.5501623928814262,1,sigmoid
4821,0.08474651479071771,0,sigmoid
1155,0.08320132240548739,0,sigmoid
6821,0.5604807599910041,1,sigmoid
3951,0.0832013224054163,0,sigmoid
4760,0.08324821438074123,0,sigmoid
3749,0.5652607811007732,1,sigmoid
132,0.08320132241808728,0,sigmoid
3596,0.4607844904308369,0,sigmoid
5156,0.0845754533897206,0,sigmoid
6397,0.0896158201412655,0,sigmoid
4488,0.2888423125429097,0,sigmoid
3759,0.5464159743804655,1,sigmoid
3540,0.08320132240557004,0,sigmoid
1596,0.564421899920423,1,sigmoid
3329,0.23285168849701604,0,sigmoid
961,0.08320594575542752,0,sigmoid
6375,0.5254893012510968,1,sigmoid
5987,0.08320132240523756,0,sigmoid
483,0.08338397174764334,0,sigmoid
5562,0.5026361933145539,1,sigmoid
3327,0.09009835982033315,0,sigmoid
3372,0.5054609054767067,1,sigmoid
5960,0.384272452669999,0,sigmoid
2747,0.08345183961060118,0,sigmoid
4744,0.08320132240546899,0,sigmoid
1006,0.5640206174172717,1,sigmoid
4098,0.08344988007418033,0,sigmoid
5414,0.08337146552139703,0,sigmoid
314,0.5650738988444599,1,sigmoid
542,0.08327238412722869,0,sigmoid
2262,0.5650637353262894,1,sigmoid
90,0.32965227252273577,0,sigmoid
3890,0.08408158382358474,0,sigmoid
730,0.5469773556634345,1,sigmoid
6899,0.5381962579424491,1,sigmoid
2211,0.08632802268823128,0,sigmoid
1308,0.5652354133366332,1,sigmoid
1025,0.08320132246373355,0,sigmoid
4840,0.095937790264053,0,sigmoid
1385,0.08320132242190215,0,sigmoid
6541,0.08320132240524078,0,sigmoid
3573,0.08322857041494379,0,sigmoid
3239,0.32736765544537905,0,sigmoid
898,0.5364856698983699,1,sigmoid
5242,0.5648563213968356,1,sigmoid
1424,0.08320137827800082,0,sigmoid
