number,value,datetime_start,datetime_complete,duration,params_max_depth,params_max_features,params_min_samples_leaf,params_n_estimators,system_attrs_fixed_params,state
0,0.5429488996363657,2026-09-20 21:13:23.232166,2026-09-20 21:13:26.776299,0 days 00:00:03.544133,,sqrt,1,300,,COMPLETE
1,0.5547457441329993,2026-09-20 21:13:26.776299,2026-09-20 21:13:28.869454,0 days 00:00:02.093155,,sqrt,5,200,,COMPLETE
2,0.5366720766674394,2026-09-20 21:13:28.869454,2026-09-20 21:13:31.337086,0 days 00:00:02.467632,,sqrt,1,200,,COMPLETE
3,0.5441916094256368,2026-09-20 21:13:31.337086,2026-09-20 21:13:33.262900,0 days 00:00:01.925814,8.0,sqrt,5,200,,COMPLETE
4,0.5498620800969626,2026-09-20 21:13:33.262900,2026-09-20 21:13:35.387144,0 days 00:00:02.124244,8.0,0.7,1,100,,COMPLETE
5,0.555902440133977,2026-09-20 21:13:35.387144,2026-09-20 21:13:39.179514,0 days 00:00:03.792370,8.0,0.7,5,200,,COMPLETE
6,,2026-09-20 21:13:39.179514,2026-09-20 21:13:39.179514,0 days 00:00:00,8.0,sqrt,5,200,,PRUNED
7,0.5551454363643199,2026-09-20 21:13:39.179514,2026-09-20 21:13:42.144467,0 days 00:00:02.964953,,sqrt,5,300,,COMPLETE
8,0.5585057641631822,2026-09-20 21:13:42.144467,2026-09-20 21:13:44.236604,0 days 00:00:02.092137,8.0,0.7,5,100,,COMPLETE
9,,2026-09-20 21:13:44.236604,2026-09-20 21:13:44.239555,0 days 00:00:00.002951,8.0,0.7,5,100,,PRUNED
10,,2026-09-20 21:13:44.239555,2026-09-20 21:13:44.244333,0 days 00:00:00.004778,8.0,0.7,1,100,,PRUNED
11,,2026-09-20 21:13:44.244333,2026-09-20 21:13:44.244333,0 days 00:00:00,8.0,0.7,5,100,,PRUNED
12,,2026-09-20 21:13:44.244333,2026-09-20 21:13:44.244333,0 days 00:00:00,8.0,0.7,5,200,,PRUNED
13,,2026-09-20 21:13:44.244333,2026-09-20 21:13:44.244333,0 days 00:00:00,8.0,0.7,5,100,,PRUNED
14,0.5548904880285038,2026-09-20 21:13:44.244333,2026-09-20 21:13:49.776369,0 days 00:00:05.532036,8.0,0.7,5,300,,COMPLETE
15,,2026-09-20 21:13:49.776369,2026-09-20 21:13:49.792362,0 days 00:00:00.015993,8.0,0.7,5,200,,PRUNED
16,,2026-09-20 21:13:49.792362,2026-09-20 21:13:49.792362,0 days 00:00:00,8.0,0.7,5,100,,PRUNED
17,,2026-09-20 21:13:49.792362,2026-09-20 21:13:49.792362,0 days 00:00:00,8.0,0.7,5,200,,PRUNED
18,0.5382493185343754,2026-09-20 21:13:49.792362,2026-09-20 21:13:52.314251,0 days 00:00:02.521889,,0.7,1,100,,COMPLETE
19,,2026-09-20 21:13:52.314251,2026-09-20 21:13:52.318681,0 days 00:00:00.004430,8.0,0.7,5,300,,PRUNED
20,,2026-09-20 21:13:52.318681,2026-09-20 21:13:52.321439,0 days 00:00:00.002758,8.0,0.7,5,100,,PRUNED
21,,2026-09-20 21:13:52.321439,2026-09-20 21:13:52.323449,0 days 00:00:00.002010,,sqrt,5,300,,PRUNED
22,,2026-09-20 21:13:52.323449,2026-09-20 21:13:52.323449,0 days 00:00:00,,sqrt,5,300,,PRUNED
23,,2026-09-20 21:13:52.323449,2026-09-20 21:13:52.323449,0 days 00:00:00,,sqrt,5,300,,PRUNED
24,,2026-09-20 21:13:52.323449,2026-09-20 21:13:52.323449,0 days 00:00:00,,sqrt,5,300,,PRUNED
25,0.5606970606970606,2026-09-20 21:13:52.323449,2026-09-20 21:13:58.607636,0 days 00:00:06.284187,,0.7,5,300,,COMPLETE
26,0.5443687727244962,2026-09-20 21:13:58.607636,2026-09-20 21:14:03.385728,0 days 00:00:04.778092,,0.7,1,200,,COMPLETE
27,,2026-09-20 21:14:03.385728,2026-09-20 21:14:03.385728,0 days 00:00:00,8.0,0.7,5,200,,PRUNED
28,,2026-09-20 21:14:03.385728,2026-09-20 21:14:03.401527,0 days 00:00:00.015799,,0.7,5,300,,PRUNED
29,,2026-09-20 21:14:03.401527,2026-09-20 21:14:03.404449,0 days 00:00:00.002922,,0.7,1,100,,PRUNED
30,,2026-09-20 21:14:03.404449,2026-09-20 21:14:03.404449,0 days 00:00:00,8.0,0.7,5,300,,PRUNED
31,,2026-09-20 21:14:03.404449,2026-09-20 21:14:03.404449,0 days 00:00:00,,sqrt,5,300,,PRUNED
32,,2026-09-20 21:14:03.404449,2026-09-20 21:14:03.404449,0 days 00:00:00,,sqrt,5,300,,PRUNED
33,,2026-09-20 21:14:03.404449,2026-09-20 21:14:03.404449,0 days 00:00:00,,sqrt,5,300,,PRUNED
34,,2026-09-20 21:14:03.404449,2026-09-20 21:14:03.404449,0 days 00:00:00,,0.7,5,300,,PRUNED
35,0.5408810360392052,2026-09-20 21:14:03.404449,2026-09-20 21:14:06.075682,0 days 00:00:02.671233,8.0,sqrt,5,300,"{'max_depth': 8, 'max_features': 'sqrt', 'min_samples_leaf': 5, 'n_estimators': 300}",COMPLETE
36,,2026-09-20 21:14:06.075682,2026-09-20 21:14:06.081589,0 days 00:00:00.005907,,0.7,1,200,,PRUNED
37,,2026-09-20 21:14:06.081589,2026-09-20 21:14:06.084985,0 days 00:00:00.003396,,sqrt,5,200,,PRUNED
38,0.5592861846200704,2026-09-20 21:14:06.084985,2026-09-20 21:14:08.416811,0 days 00:00:02.331826,,0.7,5,100,,COMPLETE
39,,2026-09-20 21:14:08.416811,2026-09-20 21:14:08.416811,0 days 00:00:00,8.0,0.7,1,100,,PRUNED
40,,2026-09-20 21:14:08.416811,2026-09-20 21:14:08.432729,0 days 00:00:00.015918,,0.7,5,100,,PRUNED
41,,2026-09-20 21:14:08.432729,2026-09-20 21:14:08.432729,0 days 00:00:00,,0.7,5,100,,PRUNED
42,,2026-09-20 21:14:08.432729,2026-09-20 21:14:08.432729,0 days 00:00:00,,0.7,5,100,,PRUNED
43,,2026-09-20 21:14:08.432729,2026-09-20 21:14:08.432729,0 days 00:00:00,,0.7,5,100,,PRUNED
44,,2026-09-20 21:14:08.432729,2026-09-20 21:14:08.432729,0 days 00:00:00,8.0,0.7,5,200,,PRUNED
45,,2026-09-20 21:14:08.432729,2026-09-20 21:14:08.432729,0 days 00:00:00,,0.7,5,100,,PRUNED
46,,2026-09-20 21:14:08.432729,2026-09-20 21:14:08.432729,0 days 00:00:00,8.0,sqrt,5,200,,PRUNED
47,0.5526767176984845,2026-09-20 21:14:08.448638,2026-09-20 21:14:09.652306,0 days 00:00:01.203668,,sqrt,5,100,"{'max_depth': None, 'max_features': 'sqrt', 'min_samples_leaf': 5, 'n_estimators': 100}",COMPLETE
48,,2026-09-20 21:14:09.652306,2026-09-20 21:14:09.669234,0 days 00:00:00.016928,8.0,0.7,5,300,,PRUNED
49,,2026-09-20 21:14:09.669234,2026-09-20 21:14:09.669234,0 days 00:00:00,8.0,0.7,1,100,,PRUNED
50,0.5601132735900914,2026-09-20 21:14:09.669234,2026-09-20 21:14:14.319077,0 days 00:00:04.649843,,0.7,5,200,,COMPLETE
51,,2026-09-20 21:14:14.319077,2026-09-20 21:14:14.319077,0 days 00:00:00,,0.7,5,200,,PRUNED
52,,2026-09-20 21:14:14.319077,2026-09-20 21:14:14.319077,0 days 00:00:00,,0.7,5,200,,PRUNED
53,,2026-09-20 21:14:14.319077,2026-09-20 21:14:14.319077,0 days 00:00:00,,0.7,5,200,,PRUNED
54,,2026-09-20 21:14:14.319077,2026-09-20 21:14:14.319077,0 days 00:00:00,,0.7,5,200,,PRUNED
55,,2026-09-20 21:14:14.319077,2026-09-20 21:14:14.319077,0 days 00:00:00,8.0,0.7,5,200,,PRUNED
56,,2026-09-20 21:14:14.319077,2026-09-20 21:14:14.335334,0 days 00:00:00.016257,,0.7,5,100,,PRUNED
57,,2026-09-20 21:14:14.335334,2026-09-20 21:14:14.335334,0 days 00:00:00,8.0,0.7,5,300,,PRUNED
58,,2026-09-20 21:14:14.335334,2026-09-20 21:14:14.335334,0 days 00:00:00,,0.7,5,200,,PRUNED
59,0.5530731819871454,2026-09-20 21:14:14.335334,2026-09-20 21:14:20.086469,0 days 00:00:05.751135,8.0,0.7,1,300,"{'max_depth': 8, 'max_features': 0.7, 'min_samples_leaf': 1, 'n_estimators': 300}",COMPLETE
60,,2026-09-20 21:14:20.086469,2026-09-20 21:14:20.090774,0 days 00:00:00.004305,,sqrt,5,100,,PRUNED
61,,2026-09-20 21:14:20.090774,2026-09-20 21:14:20.090774,0 days 00:00:00,8.0,0.7,5,300,,PRUNED
62,,2026-09-20 21:14:20.090774,2026-09-20 21:14:20.090774,0 days 00:00:00,8.0,0.7,5,300,,PRUNED
63,,2026-09-20 21:14:20.090774,2026-09-20 21:14:20.098808,0 days 00:00:00.008034,8.0,0.7,5,300,,PRUNED
64,,2026-09-20 21:14:20.098808,2026-09-20 21:14:20.102175,0 days 00:00:00.003367,8.0,0.7,5,300,,PRUNED
65,,2026-09-20 21:14:20.102175,2026-09-20 21:14:20.102175,0 days 00:00:00,8.0,0.7,5,300,,PRUNED
66,,2026-09-20 21:14:20.102175,2026-09-20 21:14:20.106655,0 days 00:00:00.004480,,0.7,5,300,,PRUNED
67,,2026-09-20 21:14:20.106655,2026-09-20 21:14:20.109217,0 days 00:00:00.002562,8.0,sqrt,5,200,,PRUNED
68,0.5459330104559518,2026-09-20 21:14:20.109217,2026-09-20 21:14:21.248463,0 days 00:00:01.139246,8.0,sqrt,5,100,"{'max_depth': 8, 'max_features': 'sqrt', 'min_samples_leaf': 5, 'n_estimators': 100}",COMPLETE
69,,2026-09-20 21:14:21.248463,2026-09-20 21:14:21.248463,0 days 00:00:00,,0.7,5,300,,PRUNED
70,,2026-09-20 21:14:21.248463,2026-09-20 21:14:21.248463,0 days 00:00:00,,0.7,1,200,,PRUNED
71,,2026-09-20 21:14:21.248463,2026-09-20 21:14:21.248463,0 days 00:00:00,,sqrt,5,200,,PRUNED
72,,2026-09-20 21:14:21.248463,2026-09-20 21:14:21.264585,0 days 00:00:00.016122,,sqrt,5,200,,PRUNED
73,,2026-09-20 21:14:21.264585,2026-09-20 21:14:21.264585,0 days 00:00:00,,sqrt,5,200,,PRUNED
74,,2026-09-20 21:14:21.264585,2026-09-20 21:14:21.264585,0 days 00:00:00,,sqrt,5,200,,PRUNED
75,,2026-09-20 21:14:21.264585,2026-09-20 21:14:21.264585,0 days 00:00:00,,sqrt,5,100,,PRUNED
76,,2026-09-20 21:14:21.264585,2026-09-20 21:14:21.264585,0 days 00:00:00,,0.7,5,300,,PRUNED
77,0.5426762255536178,2026-09-20 21:14:21.264585,2026-09-20 21:14:28.335166,0 days 00:00:07.070581,,0.7,1,300,"{'max_depth': None, 'max_features': 0.7, 'min_samples_leaf': 1, 'n_estimators': 300}",COMPLETE
78,,2026-09-20 21:14:28.335166,2026-09-20 21:14:28.335166,0 days 00:00:00,8.0,0.7,5,100,,PRUNED
79,,2026-09-20 21:14:28.335166,2026-09-20 21:14:28.335166,0 days 00:00:00,8.0,sqrt,5,200,,PRUNED
80,,2026-09-20 21:14:28.335166,2026-09-20 21:14:28.352220,0 days 00:00:00.017054,,0.7,5,200,,PRUNED
81,,2026-09-20 21:14:28.352220,2026-09-20 21:14:28.352220,0 days 00:00:00,8.0,0.7,1,300,,PRUNED
82,,2026-09-20 21:14:28.352220,2026-09-20 21:14:28.352220,0 days 00:00:00,8.0,0.7,1,300,,PRUNED
83,,2026-09-20 21:14:28.352220,2026-09-20 21:14:28.352220,0 days 00:00:00,8.0,0.7,1,300,,PRUNED
84,,2026-09-20 21:14:28.352220,2026-09-20 21:14:28.352220,0 days 00:00:00,8.0,0.7,1,300,,PRUNED
85,,2026-09-20 21:14:28.352220,2026-09-20 21:14:28.352220,0 days 00:00:00,8.0,0.7,1,300,,PRUNED
86,0.537385512686059,2026-09-20 21:14:28.352220,2026-09-20 21:14:29.807296,0 days 00:00:01.455076,,sqrt,1,100,"{'max_depth': None, 'max_features': 'sqrt', 'min_samples_leaf': 1, 'n_estimators': 100}",COMPLETE
87,,2026-09-20 21:14:29.807296,2026-09-20 21:14:29.823166,0 days 00:00:00.015870,8.0,0.7,5,300,,PRUNED
88,,2026-09-20 21:14:29.823166,2026-09-20 21:14:29.823166,0 days 00:00:00,,0.7,5,200,,PRUNED
89,,2026-09-20 21:14:29.823166,2026-09-20 21:14:29.823166,0 days 00:00:00,8.0,0.7,5,100,,PRUNED
90,,2026-09-20 21:14:29.823166,2026-09-20 21:14:29.823166,0 days 00:00:00,,0.7,5,300,,PRUNED
91,,2026-09-20 21:14:29.823166,2026-09-20 21:14:29.835661,0 days 00:00:00.012495,,sqrt,5,100,,PRUNED
92,,2026-09-20 21:14:29.835661,2026-09-20 21:14:29.835661,0 days 00:00:00,,sqrt,5,100,,PRUNED
93,,2026-09-20 21:14:29.835661,2026-09-20 21:14:29.835661,0 days 00:00:00,,sqrt,5,100,,PRUNED
94,,2026-09-20 21:14:29.835661,2026-09-20 21:14:29.835661,0 days 00:00:00,,sqrt,5,100,,PRUNED
95,0.54774015545472,2026-09-20 21:14:29.835661,2026-09-20 21:14:31.824392,0 days 00:00:01.988731,8.0,sqrt,1,200,"{'max_depth': 8, 'max_features': 'sqrt', 'min_samples_leaf': 1, 'n_estimators': 200}",COMPLETE
96,,2026-09-20 21:14:31.824392,2026-09-20 21:14:31.838841,0 days 00:00:00.014449,,0.7,5,100,,PRUNED
97,,2026-09-20 21:14:31.838841,2026-09-20 21:14:31.840847,0 days 00:00:00.002006,,sqrt,5,300,,PRUNED
98,,2026-09-20 21:14:31.840847,2026-09-20 21:14:31.840847,0 days 00:00:00,8.0,0.7,5,100,,PRUNED
99,,2026-09-20 21:14:31.840847,2026-09-20 21:14:31.840847,0 days 00:00:00,,0.7,5,300,,PRUNED
100,,2026-09-20 21:14:31.840847,2026-09-20 21:14:31.852843,0 days 00:00:00.011996,,sqrt,5,200,,PRUNED
101,,2026-09-20 21:14:31.852843,2026-09-20 21:14:31.854586,0 days 00:00:00.001743,8.0,0.7,1,100,,PRUNED
102,,2026-09-20 21:14:31.854586,2026-09-20 21:14:31.854586,0 days 00:00:00,8.0,0.7,1,100,,PRUNED
103,,2026-09-20 21:14:31.854586,2026-09-20 21:14:31.854586,0 days 00:00:00,8.0,0.7,1,100,,PRUNED
104,0.5495144956756356,2026-09-20 21:14:31.854586,2026-09-20 21:14:33.039872,0 days 00:00:01.185286,8.0,sqrt,1,100,"{'max_depth': 8, 'max_features': 'sqrt', 'min_samples_leaf': 1, 'n_estimators': 100}",COMPLETE
105,,2026-09-20 21:14:33.039872,2026-09-20 21:14:33.043720,0 days 00:00:00.003848,8.0,0.7,5,100,,PRUNED
106,,2026-09-20 21:14:33.043720,2026-09-20 21:14:33.046726,0 days 00:00:00.003006,8.0,0.7,5,200,,PRUNED
107,,2026-09-20 21:14:33.046726,2026-09-20 21:14:33.049725,0 days 00:00:00.002999,,0.7,5,300,,PRUNED
108,,2026-09-20 21:14:33.049725,2026-09-20 21:14:33.051722,0 days 00:00:00.001997,,0.7,5,100,,PRUNED
109,,2026-09-20 21:14:33.051722,2026-09-20 21:14:33.051722,0 days 00:00:00,8.0,0.7,5,300,,PRUNED
110,,2026-09-20 21:14:33.051722,2026-09-20 21:14:33.051722,0 days 00:00:00,,0.7,1,200,,PRUNED
111,,2026-09-20 21:14:33.051722,2026-09-20 21:14:33.051722,0 days 00:00:00,8.0,sqrt,1,100,,PRUNED
112,,2026-09-20 21:14:33.051722,2026-09-20 21:14:33.051722,0 days 00:00:00,8.0,sqrt,1,100,,PRUNED
113,0.5441248818297072,2026-09-20 21:14:33.051722,2026-09-20 21:14:35.845230,0 days 00:00:02.793508,8.0,sqrt,1,300,"{'max_depth': 8, 'max_features': 'sqrt', 'min_samples_leaf': 1, 'n_estimators': 300}",COMPLETE
114,,2026-09-20 21:14:35.845230,2026-09-20 21:14:35.848854,0 days 00:00:00.003624,8.0,sqrt,1,100,,PRUNED
115,,2026-09-20 21:14:35.848854,2026-09-20 21:14:35.848854,0 days 00:00:00,8.0,sqrt,1,100,,PRUNED
116,,2026-09-20 21:14:35.848854,2026-09-20 21:14:35.855953,0 days 00:00:00.007099,8.0,sqrt,5,100,,PRUNED
117,,2026-09-20 21:14:35.855953,2026-09-20 21:14:35.858862,0 days 00:00:00.002909,8.0,0.7,5,100,,PRUNED
118,,2026-09-20 21:14:35.858862,2026-09-20 21:14:35.860870,0 days 00:00:00.002008,,sqrt,1,200,,PRUNED
119,,2026-09-20 21:14:35.860870,2026-09-20 21:14:35.865182,0 days 00:00:00.004312,,0.7,5,300,,PRUNED
120,,2026-09-20 21:14:35.865182,2026-09-20 21:14:35.867727,0 days 00:00:00.002545,8.0,0.7,5,100,,PRUNED
121,,2026-09-20 21:14:35.867727,2026-09-20 21:14:35.871093,0 days 00:00:00.003366,8.0,sqrt,1,200,,PRUNED
122,0.5519247290803843,2026-09-20 21:14:35.871093,2026-09-20 21:14:39.769203,0 days 00:00:03.898110,8.0,0.7,1,200,"{'max_depth': 8, 'max_features': 0.7, 'min_samples_leaf': 1, 'n_estimators': 200}",COMPLETE
